year,context,cluster
1,daha evvel de ulus devlet ortaya çıkmazdan evvel de devletlerin savaş hukuku var başka hukuklar var elçiye zeval olmaz diye bir,22
1,tehlikelere yol açmadan sonlandırılabilmelidir sayın milletvekilleri suriye de yanı başımızdaki savaş da sık sık afganistan benzetmesine tabi tutulmuştur bu benzetmenin çok,8
1,bir şey diyor musunuz mehmet ruştu ti ryaki devamla bu savaş ve operasyonlar nedeniyle on yedi yıldır yaklaşık rakamlar bunun resmî,5
1,prensibi çerçevesinde bir fırsata dönüştürmeyi başarmalıdır bizim tutumumuz bellidir biz savaş çığırtkanlığı yapmaksızın orta doğu nun sorunlarını barışçı yollardan çözmek için,19
1,5 inci maddesiyle ilgili de konuşuyorum aslında türk silahlı kuvvetleri savaş meydanlarında ya da dağda terör örgütleriyle mücadele ederlerken vurdukları düşman,1
1,n altay devamla dolayısıyla sizden rica ediyorum türk silahlı kuvvetlerinin savaş meydanında düşmana yaptığını bu ülkenin insanlarından esirgemeyin onlar yanlış yola,1
1,ikinci büyük zaferidir i ngilizlerin 30 bin zayiat verdikleri bu savaş neticesinde 13 general 481 subay ve 13 300 asker de,0
1,meczubu ziyaret etti kim bu meczup çanakkale savaşı önemli bir savaş değildir diyen 10 kasımda saat 9 u 5 geçe kenefe,7
1,bitirmek istiyorum nerede bir sömürü varsa açlık varsa yoksulluk varsa savaş varsa faşizm varsa orada direniş vardır mikrofon otomatik cihaz tarafından,6
1,kobani ye saldırdı bu saldırı süresince yüz otuz gün bir savaş yaşandı kobani halkının işi d barbarlığına karşı kendini savunma ve,9
1,12 kişi yaşamını yitirmişti türkiye de denizler ve topraklar maalesef savaş mağduru mülteciler için bir ölüm sahası hâline gelmiştir mikrofon otomatik,1
1,iktidarın gerekli adımları atması ve etkin bir şekilde buna karşı savaş yürütmesi de gereklidir teşekkür ediyorum başkan teşekkürler sayın oluç şimdi,19
1,mersin teşekkürler sayın başkan kızılay din dil soy ayrımı yapmadan savaş ve doğal afetler sonrasında bütün insani ihtiyaçları karşılamaya çalışan çıkar,16
1,yardımı ulaştırmak için önemli görevler üstlenen kan afet uluslararası yardım savaş göç ve mülteci hizmetleri sosyal hizmetler sağlık ilk yardım eğitim,16
1,bir alman meclis başkan vekili claudia roth seçimlerin yenilenmesini bir savaş ilanı olarak görüyor avrupa parlamentosu raportörü kati piri nin yine,19
1,parlamentonun dikkatine sunmak istiyorum silahların değil fikirlerin siyasetin konuşmasını istiyoruz savaş kolaydır barış zordur biz zor olana talibiz başbakan erdoğan 16,16
1,bugün bütçeyi konuşuyoruz i lk başta söyleyeyim bu bütçe bir savaş bütçesidir bu bütçe vicdansız ve adaletsiz bir bütçedir eş genel,14
1,bütçe komisyonunda bunları dilimiz döndüğünce söyledik bu vicdansız ve adaletsiz savaş bütçesine halktan yana olmayan halka karşı olan bütçeye tabii ki,17
1,beştaş yapmış olduğu konuşmada siz siz diyerek o bağlam içerisinde savaş bütçesi moğol ordusunun yapmadığı durumları yaratma aynı zamanda uyuşturucuya göz,16
1,kendilerinin genel başkanı bunu çok iyi bilir bir dönemin özel savaş yürütücülerinden birisiydi önemli katkıları da oldu ancak başarıya gitmedi kendileri,17
1,anlamına gelen kelime türk dil kurumu tarafından osmanlı devleti nde savaş zamanı başka birliklerden ayrılıp bir araya getirilerek oluşturulan birliğin veya,1
1,bölgemizde birçok devlette yönetilebilirlik olgusu ortadan kalkmışken birçok ülke iç savaş ve kaosu yaşarken birçok terör örgütü bölgede ve dünyada istikrarı,19
1,cetveldeki şekliyle olması önerilmiştir 102 sıra sayılı aydın milletvekili mustafa savaş ile 75 milletvekilinin gelir vergisi kanunu ile bazı kanunlarda değişiklik,2
1,geçiyoruz bu kısmın 1 inci sırasına alınan aydın milletvekili mustafa savaş ile 75 milletvekilinin gelir vergisi kanunu ile bazı kanunlarda değişiklik,2
1,kısmı yüzde yüz doğru ve siz burada yoktunuz galiba mustafa savaş bey yaptığı konuşmada değişik dünya ülkeleri merkez bankalarından kârların yüzde,16
1,yüzde 27 siyle geçinmek zorunda geçinmese ne olur ee bir savaş çıkartırız içeri atarız cezaevine atarız döveriz görevden alırız kodese atarız,19
1,vermeye çalışıldığına savunma ve i çişleri bakanlığının bütçesi artırılıyorsa buna savaş bütçesi diyeceklerine i stanbul milletvekili engin altay hazine ve maliye,17
1,kuvvetler ayrılığı olduğuna tokat milletvekili özlem zengin ayrıştırma diline ve savaş kelimelerine gerek olmadığına ankara milletvekili filiz kerestecioğlu demir tokat milletvekili,1
1,kaç gündür bütçeyi görüşüyoruz peki bu bütçe her sene bir savaş bir baskı bir talan bütçesi olmak zorunda mıdır hazırlanan bütçe,17
1,olarak türkiye halklarının taleplerini şiddetle bastırmak halka ve halkın taleplerine savaş açmak bu ülkenin bugününü yarınını kararttığı gibi kaynaklarını da tüketmeye,1
1,siirt suç olduğunu dikte ettirmeye çalışıyorlar biz bunu kesinlikle hükûmetin savaş politikasının yargıya yansıması şeklinde okuyoruz biraz geçmişe gidersek sayın sırrı,3
1,bunlar totalde bize şunu gösteriyor i ktidar partisi bu dönem savaş politikasını hem içeride hem dışarıda yürüterek barış istemine dair cezaları,3
1,etti fakat latin amerika da etkileyici bir sosyalist liderin soğuk savaş döneminde abd için yarattığı korkuyu tahmin edersiniz allende diktatör pinochet,3
1,ve ülkelerin dış politikalarında çok önemli bir yer işgal etmektedir savaş ve iç çatışmalar nedeniyle yaşanan dış göçler dünya barışını tehdit,3
1,mparatorluğu nun yükselme devrine kadar uzanmaktadır bu dönemde top ve savaş gemileri gibi çağın en önemli harp araç ve gereçleri tamamen,6
1,de kendi piyade tüfeğini insansız hava aracını eğitim uçağını helikopterini savaş gemisini zırhlı aracını si ha larını roket ve füze sistemlerini,16
1,t 72 tank modernizasyonu pakistan a lojistik destek gemisi ve savaş uçakları için hedefleme kodu endonezya ve katar a zırhlı araçlar,4
1,orta yerlerine bombalar koydular havalimanlarımıza saldırdılar sınırlarımız zorlandı i ç savaş denilen şey suriye üzerinden ülkemize servis edilmeye çalışıldı gezi parsası,7
1,toprağına göndermekle ne dış güçlerin müdahalesi diyerek ne de ekonomik savaş söylemleriyle örtemezsiniz bu kriz büyük bir kriz bu kriz türkiye,1
1,iyi biliyoruz halk da çok iyi biliyor kutuplaştırma siyasetine mecbursunuz savaş siyasetine mecbursunuz gerici ırkçı kutuplaştırmaya mecbursunuz çünkü artık halka vadedeceğiniz,7
1,ve politikalarla bunu göstermektedir akp 7 haziran sonrasında hayata geçirdiği savaş politikalarıyla birlikte şehirlerimizi abluka altına alıp dinî kültürel ve tarihî,3
1,getiren bir bütçedir yaşadığımız ohal süreci ve uygulamaları devam eden savaş hâli ve tamamen iktidarın ülkeyi yönetememesinden ve siyasi vizyonsuzluğundan kaynaklı,5
1,dâhilinde irak ın kuzeyinde hakurk ta pkk teröristlerinin yuvalandıkları bölge savaş uçaklarınca ateş altına alınmıştır harekât si ha ve i ha,17
1,ettiren türk devletini yönetenler artık daha fazla vatandaşını mağdur etmemelidirler savaş sebebiyle suriye den ülkemize gelenler ne ilginçtir ki bayram tatili,1
1,niteleyeceğimiz ifadelerle konuşmasını yaptı kürt halkına karşı olduğumuzu ifade etti savaş olduğunu ifade etti vesair sayın başkan ak parti kurulduğundan bugüne,5
1,hdp ye gelince yavuz ağirali oğlu i stanbul bunun adı savaş değildir erkan akçay manisa gayretlerin de beyhude olduğu ortaya çıktı,16
1,manisa gayretlerin de beyhude olduğu ortaya çıktı lütfü türkkan kocaeli savaş iki millet arasında olur fatma kurtulan mersin savaş demeyebilirsiniz sayın,1
1,türkkan kocaeli savaş iki millet arasında olur fatma kurtulan mersin savaş demeyebilirsiniz sayın başkan konuşturmuyorlar süremi göz önünde bulundurmanızı rica ediyorum,22
1,sazak eskişehir seni burada dinleyemeyiz lütfü türkkan kocaeli terörle mücadele savaş değildir fatma kurtulan mersin onu da söyleyeyim 1990 lı 1994,1
1,tamamlayalım lütfen fatma kurtulan mersin doğan güreş düşük yoğunluklu bir savaş demiştir artık 50 binlere varan bir insan ölümünden söz ediyorsak,6
1,ülkenin en önemli saraylarında bu görüşme gerçekleşti biz belirtiyoruz bu savaş çatışma da deseniz savaş da deseniz kör bir savaştır sonu,5
1,bu görüşme gerçekleşti biz belirtiyoruz bu savaş çatışma da deseniz savaş da deseniz kör bir savaştır sonu yoktur biz barışla demokrasiyle,19
1,aynı zamanda bir işgal girişimidir işgal ne darbesi i ç savaş çıkarmak için bir işgal girişimidir başkan sayın çıray lütfen özlem,19
1,yandan dokuz aylık ömrü kaldığı ifade edilen profesör doktor haluk savaş ın da tedavisi için yurt dışına çıkışına izin verilmemesi büyük,19
1,olayın üzerinden yirmi dört yıl geçse de acısı hâlâ yüreğimizdedir savaş suçlusu ratko mladiç komutasındaki sırp birlikleri 11 temmuz 1995 günü,16
1,milletler gücü nün hollandalı komutanının verdiği emirle srebrenitsa yı boşaltmışlardır savaş sırasında şehrin güvenliğinden sorumlu olan komutan thom karremans kendisine sığınan,6
1,i ncil bizim elimizdeydi toprak onların elinde evet karadeniz milliyetçilikle savaş siyasetiyle esir alındı yetmedi turizm hes ve inşaat projeleriyle halkımız,19
1,hakları günü ülkemizde ve tüm dünyada değişik etkinliklerle kutlandı özellikle savaş ve yoksulluğun hüküm sürdüğü coğrafyalarda yaşam mücadelesi veren çocukları korumak,16
1,gibi bölgeler çocuk katliamlarına sahne olmaya hâlen devam etmektedir özellikle savaş ve yoksulluğun hüküm sürdüğü coğrafyalarda yaşam mücadelesi veren çocukları korumak,17
1,sakarya büyük kanlı savaşında 3 üncü tümenle yetişen trabzon çocuklarının savaş alanında gösterdikleri fedakârlıkların kıymetli anısı daima 303 tbmm b 78,16
1,var i şte bu bütçe tartışmaları da tam olarak bu savaş siyasetinin sonuçlarıdır dolayısıyla bütün bu politikaların hayata geçmesi için savaşa,7
1,111 milyar liraya çıkarıyorsunuz bu durum bizim sürekli dile getirdiğimiz savaş hükûmeti savaş bütçesi söylemlerimizin ilanıdır saray hanedanı tarafından hazırlanan bu,7
1,liraya çıkarıyorsunuz bu durum bizim sürekli dile getirdiğimiz savaş hükûmeti savaş bütçesi söylemlerimizin ilanıdır saray hanedanı tarafından hazırlanan bu bütçe emekten,7
1,ediyor savaşa sanıyorum kendilerinin ihtiyacı var çünkü biz bu işi savaş diye tanımlamıyoruz terörü az bulanlar memleketimiz için savaşı buraya layık,7
1,e benzetmeye i rlanda ya benzetmeye ve türkiye yi bir savaş ortamına boğmaya hiç kimsenin hakkı olmadığının da altını çizmek istiyorum,8
1,sürekli bu inkâr politikalarıyla bu kör siyasetinizle türkiye yi yok savaş demeyin yok şu demeyin her gün oluk oluk gençlerimizin öldüğü,9
1,kapattı fransa daki eylemlere ilişkin açıklamalarda bulunan birleşmiş milletler ülkedeki savaş görüntüsünü görmezden gelerek polisin şiddet kullanmadığını savunarak iki yüzlülüğünü bir,19
1,aynı bölgede dostane ilişkilerimiz olan i ran üzerindeki baskı ve savaş tehdidi yine ekonomik sosyal ve siyasi olarak bizi olumsuz bir,16
1,bir kazana dönüştürüldü orta doğu da her geçen gün artan savaş çanları türk devletinin türk milletinin türk vatanının istiklali 578 tbmm,1
1,yani kralın yetkilerini sınırlandırma konusunda iki önemli nokta birisi kime savaş ilan edileceğine kimin düşman kabul edileceğine halk ve onun temsilcileri,5
1,başkanımız olan hatay büyükşehir belediye başkanı sayın doçent doktor lütfü savaş ve emeği geçen tüm yönetici arkadaşlarıma teşekkür ediyorum ve suriye,16
1,sayın başkan az önce hdp li hatip akp ve mhp savaş koalisyonu dedi tabii bunu hiçbir şekilde kabul etme imkânımız yoktur,6
1,mikrofon otomatik cihaz tarafından kapatıldı erhan usta samsun dolayısıyla bu savaş koalisyonu sözüne hiçbir şekilde katılmadığımızı ifade etmek istedim teşekkür ederim,13
1,gidişi çok net görüyoruz cumhuriyetin henüz ilanından önce meclis varken savaş devam ediyorken kürsüden savaş dâhil olmak üzere o dönemin meclis,7
1,cumhuriyetin henüz ilanından önce meclis varken savaş devam ediyorken kürsüden savaş dâhil olmak üzere o dönemin meclis hükûmetini ağır eleştiriye tabi,7
1,tarafından kapatıldı başkan devam edin muhammed levent bülbül sakarya artık savaş günlerini unutmak gerekir müttefiklerimizle başa çıkamadıklarımızla tek başına mücadele etmek,23
1,herhangi bir korumadan uzak yaşıyor her gün 10 bin çocuk savaş afet hastalık kaza gibi sebeplerle yetim kalıyor her 24 saatte,9
1,politikalar bakanı sayın zehra zümrüt selçuk a sesleniyorum türkiye muharip savaş gazileri aileleri ve evlatlarıyla ilgili eksikliklerin ve mağdurlukların giderilmesi için,3
1,dışında da sıcak gelişmeler var 12 ülkeden 60 a yakın savaş gemisi doğu akdeniz de konuşlanmış durumdadır bu ortam içinde 131,16
1,ramazanın ortasını yetimlere ayırdı gözümüzden sakındığımız üzerine titrediğimiz çocuklarımız özellikle savaş ve çatışma bölgelerinde tek başlarına korunaksız kötülüklerle baş etmeye ve,17
1,herhangi bir korumadan uzak yaşıyor her gün 10 bin çocuk savaş afet hastalık kaza gibi sebeplerle yetim kalıyor bu çocuklar bizlere,9
1,stanbul un fethi sadece bir yerin fethedilmesi ve kazanılmış bir savaş olmayıp dünya tarihine ve medeniyetine yön vermiş bir hadisedir fetihle,19
1,yok edilmesinin yani çölleşmenin kaçınılmaz sonucu kıtlık yoksulluk istikrarsızlık göç savaş ve benzeri şekilde yaşamı etkileyen ciddi olumsuzluklardır ülkemizde son on,8
1,kiliç kahramanmaraş sayın başkanım askeralma kanunu teklifi ni görüşüyoruz ben savaş günlükleri olan cenknamelerden bahsedeceğim yakın tarihe kadar her yerde ve,17
1,iyi hava savunma sistemlerinden biri olarak nitelendirilen s400 her türlü savaş uçaklarını balistik füzeleri ve diğer gelişmiş hava saldırısı araçlarını imha,16
1,olduğu durumlarda savaşın bir hukuku ve ahlakı vardır barış esas savaş arazdır fakat savaşsız bir dünya olmamıştır ve kıyamete kadar da,7
1,oğullar babalarını savaşta babalar oğullarını gömerler siyaset kan dökmeden savaşmak savaş kan dökerek siyaset yapmaktır çok zamandır ve günümüzde beyaz adam,16
1,suç çetesinin başı olmaktan hüküm almış biri resmen bir iç savaş çağrısı yaptı bu kişinin ilk tehditleri değil daha önce dışarıda,7
1,diyen tutuklandı savaşa hayır diyenler tutuklandı ama tehditler savuran iç savaş çağrısı yapan kişi tutuklanmıyor tutuklanmayı bırakın açılan davalar dalga geçer,7
1,etmemek olmaz yemen de çok ciddi bir insani kriz yaşanmaktadır savaş vahşi boyutlarda sürmektedir büyük acılar yaşanmış ve yaşanmaktadır ancak maalesef,20
1,değildir ürettiği şey kandır baruttur göçmendir mülteci politikasına mülteci üreten savaş politikalarına emperyal güçlerin orta doğu daki sinsi planlarının maalesef üzülerek,3
1,ibaresi geçtiği için yani terörle mücadeleden ziyade suriye merkezî yönetimine savaş ilanı niteliğindeki bir tezkere olduğu için hayır oyu verdik kamuoyunu,16
1,bir işleri yaşayacak ortalama mekânları ve çocuklarını gönderebildikleri okulları varsa savaş bitse bile dönmeleri oldukça zor olacaktır 2011 yılından bu yana,10
1,bülbül sakarya abd savunma bakanlığının türkiye ye teslim edilen f35 savaş uçaklarında eğitim gören hava kuvvetleri personelimizin eğitimlerinin durduğuna dair yapmış,1
1,korkunç bir hasat felaketi halkların büyük hareketleri ve başka bir savaş bu noktada demokratik uyarlanabilirlik etkisini gösterecek ama belki o zaman,6
1,desteğindeki kuzey kore ile abd desteğindeki güney kore arasında bir savaş patlak vermiş birleşmiş milletlere bağlı 21 ülke bu savaşta fiilen,14
1,kollayan krizin sebebini soğanda patateste arayan ohal sisteminin yanlışlarını görmeyen savaş ve güvenlikçi politika dilinin krizi derinleştirdiğini anlamayan hazine ve maliye,3
1,demokrasiden yoksun insan hak ve özgürlüklerini yok sayan güvenlikçi ve savaş politikalarıyla oluşturulmuş bu bütçeden vazgeçilmelidir mikrofon otomatik cihaz tarafından kapatıldı,3
1,toplumsal cinsiyete duyarlı bütçe yapın demek bütçe konuşmaktır bu bir savaş bütçesidir demek bütçe konuşmaktır bunların hepsi bütçe konuşmaktır ama sizin,7
1,edicileriz derler aynen iktidarın politikasını tarif etmektedir o ayet egemenlerin savaş politikaları yapıp kan döküp ondan sonra biz ıslah edicileriz biz,3
1,ve 2001 yıllarında yaşamıştık hatırlarsanız türk milletine mali ve ekonomik savaş açılmıştı bir gecede faiz ve döviz ne yazık ki fırlamış,1
1,getto yaratma görevini üstlenmiştir cumhuriyet tarihinde dönem dönem uygulanan düşmanla savaş hukuku ise bu dönem yerleşik hâle gelmiştir düşmanla savaş hukukunda,11
1,düşmanla savaş hukuku ise bu dönem yerleşik hâle gelmiştir düşmanla savaş hukukunda kamuyla ilişkilerinde düzenle ilişkilerinde devlet ilişkilerinde bilişsel güvence vermeyen,11
1,ilkesi kuşkudan sanık yararlanır ilkesi adil yargılanma ilkesi uygulanmaz düşmanla savaş hukukunda kişi bir fiil işlemese bile tehlikelidir bertaraf edilmesi ortadan,10
1,yurttaş ceza yasasında bir suç için fiil aranması şartken düşmanla savaş hukukunda bir fiil olmasa da kişi bir suça konu eylem,6
1,neresinde olursa olsun diktatörlüğe savaşa katliamlara ırkçılığa şovenizme karşı çıkar savaş suçlarına insanlığa karşı suçlara barışa karşı suçlara soykırımlara karşı çıkar,7
1,ödeneklerin kullanılması başlıklı 20 nci maddesi genel veya kısmi seferberlik savaş ilanı veya zorunlu askerî hazırlıkların yapıldığı olağanüstü hâllerde ve millî,12
1,diyecek ki milletin diğer kısmını size saldırtırım bunun adı iç savaş kışkırtıcılığıdır değerli arkadaşlarım mikrofon otomatik cihaz tarafından kapatıldı mehmet bekaroğlu,13
1,ve yerli üretim alanında radikal bir değişim yaşamıştır i lk savaş korveti heybeliada ardından gelen büyükada burgazada mi lgem altay tankı,19
1,projeye imza atılmıştır türkiye bugün kendi denizaltısını üreten 8 ilk savaş gemisini üreten 10 ülkeden biridir 1977 yılında ilk denizaltımız yıldıray,1
1,kimi zatlar türk milleti ifadesine bazen açık bazen gizli bir savaş açtılar kafa karışıklığı yarattılar bu kafa karışıklığını ya bir etnisite,1
1,nelere mal olduğunu bilmiyorlar mı parçalanmış bölünmüş kendi aralarında sürekli savaş ve çatışma ortamı yaratan arapların hâlinden ibret almıyorlar mı türklerin,1
1,ittifak ilişkilerinin değiştiği teknoloji ve sosyal medya kullanımının arttığı psikolojik savaş ve siber saldırıların daha da yoğun hâle geldiği bu süreç,17
1,ulaşmıştır bu yıl pakistan la imzaladığımız atak helikopteri mi lgem savaş gemisi gibi büyük projelerle birlikte önümüzdeki yıllarda bu rakamın çok,19
1,ülkenin yerli ve millî imkânlarla ürettiğimiz atak helikopterimizle mi lgem savaş gemimizle i ha ve si ha larımızla zırhlı kara araçlarımızla,5
1,11 12 2018 o 4 mi lgem projemizle ülkemiz kendi savaş gemisini tasarlayıp inşa edebilen sınırlı sayıda ülke arasına girmiştir proje,18
1,millet meclisine yönelik bir imza kampanyası başlatılmıştır profesör doktor haluk savaş psikiyatri doktorudur adana da çalışmaktadır sorgusuz sualsiz khk yle ihraç,7
1,ayı da bu tür devlet yazışmalarıyla geçecek profesör doktor haluk savaş diyor ki ceberut devletle uğraşmak azrail le uğraşmaktan çok daha,16
1,ve sataşmada bulunulmuştur şunlara bir açıklık getirmekte fayda olduğu kanaatindeyim savaş siyaseti şiddet siyaseti ve güvenlikçi politikalar gibi terimler kullanıldı değerli,3
1,olduğumuzu bir kez daha belirtiyoruz sevgili arkadaşlar değerli milletvekilleri bu savaş bütçesi bir otoriter rejim bütçesidir aynı zamanda bir bütçenin savaş,14
1,savaş bütçesi bir otoriter rejim bütçesidir aynı zamanda bir bütçenin savaş bütçesi olduğunun en bariz örneği elbette ki bütçesindeki verilerden ortaya,14
1,veri ve belge dediğimiz gibi bütçelerdir şimdi biz bu bütçenin savaş bütçesi ve otoriter bir bütçe olduğunun verisini şu şekilde ortaya,14
1,erdoğan 11 ağustos 2009 silahların değil fikirlerin siyasetin konuşmasını istiyoruz savaş kolaydır barış zordur biz zor olana talibiz başbakan erdoğan 16,16
1,maraş ta bütün ülkemizi milletimizi acılara boğan o katliamlar iç savaş provaları ve provokasyonlar hâlâ milletin hafızasındadır ve çok acı tecrübelerden,17
1,ocaklar söndü ve ülkemize karşı yapılan bir suikasttır bir iç savaş ve milleti birbirine kırdırma gayretleridir ve o olaylarda her kesimden,19
1,tam da bu politikanın karşısında bu eylemini başlattı tecrit politikasının savaş olduğunu çokça ifade ediyor dolayısıyla bu benim sorunum değil duymamış,3
1,i ktidar kendine göre bir bütçe hazırlamıştır bu bütçe yine savaş bütçesidir güvenlikçi politikalar esas alınarak zenginlerin bütçesi hazırlanmıştır saray bütçesidir,3
1,bütçedir bu bütçe halka gelince dar gelirli vatandaşa gelince ekonomik savaş veriyorum para yok garantili geçiş yöntemleriyle hazineyi boşaltan yandaş şirketlere,15
1,içinde örgütlenemeyen eylem yapamayan pkk yurt dışına yönelmiş ve teröristleri savaş bölgesi olan suriye ve irak a yönlendirmiştir terörle mücadele kapsamında,5
1,hazırlanmış olup meclise sunulacaktır değerli milletvekilleri suriye de yaşanan iç savaş ve afganistan daki gelişmelerle ülkemizin son dönemde aldığı mülteci sayısı,16
1,üretiminde de artış gözleneceği açıktır doğal afetlerin yanı sıra yüzyılın savaş tekniklerinden olan kimyasal biyolojik radyolojik ve nükleer tehditlere karşı kamuoyunun,16
1,kazanmıştır diğer bir ifadeyle jandarma bugün mükemmel bir düşük yoğunluklu savaş ordusu veya hibrit savaş ordusu hâline gelmiştir 15 temmuz fetö,15
1,jandarma bugün mükemmel bir düşük yoğunluklu savaş ordusu veya hibrit savaş ordusu hâline gelmiştir 15 temmuz fetö cü darbesi sonrasında jandarmaya,15
1,fetö cülerin çok büyük bir kısmı tasfiye edilmiştir jandarmanın hibrit savaş ordusu olma özelliğini güçlendirici adımlar atılmıştır jandarmanın i ha güçleri,7
1,üzere hazırlanan fetö dışında türkiye nin önümüzdeki yıllarda bir hibrit savaş olan orta doğu iç savaşından ülkemize yönelik kaynaklanan tehditlerin daha,16
1,da ırkçılık ve yabancı düşmanlığı göç üzerinden radikalleşmektedir eskiden sadece savaş tehdidi vardı oysa bugün bir taraftan narkoterör bir taraftan siber,19
1,gerek yine size başka istatistikler vermek istiyorum 2002 2018 arasında savaş ve çatışmalarda bu ülkede ölen insan sayısı bunu ayırmadan söylüyorum,13
1,dolayı buraya bu kayyumları atamıştır bakın konuşmalara bakın sürekli çatışma savaş çatışma savaş sistematik şekilde bunu şimdi de belediye başkanıyla alakalı,17
1,bu kayyumları atamıştır bakın konuşmalara bakın sürekli çatışma savaş çatışma savaş sistematik şekilde bunu şimdi de belediye başkanıyla alakalı hırsızdı hırsız,17
1,yakıştırmanızdır o lafları size iade ediyorum sayın bilgen i kincisi savaş çatışma değerli arkadaşlar savaş iki devlet arasında olur türkiye cumhuriyeti,1
1,iade ediyorum sayın bilgen i kincisi savaş çatışma değerli arkadaşlar savaş iki devlet arasında olur türkiye cumhuriyeti devletinin yaptığı terörle mücadeledir,1
1,uçuşunu yapacaktır öte yandan mi lgem projesi yle ülkemiz kendi savaş gemisini tasarlayıp inşa edebilen sınırlı sayıda ülke arasına girmiştir proje,18
1,çalışmalar da sürdürülmektedir değerli milletvekilleri türkiye artık kendi silahını kendi savaş gemisini kendi tankını kendi insansız hava araçlarını ve helikopterlerini yapabilecek,1
1,slam dünyasının da umudu hâline gelmiştir osmanlı nın parçalanmasının ardından savaş kan ve gözyaşının eksik olmadığı i slam dünyası türkiye ye,1
1,bilim kurumlarını bünyesinde barındıran bakanlık bilimsel araştırma ve geliştirme projelerinde savaş sanayisini öncelemiş sosyal bilimler fizik kimya matematik gibi toplum yaşamını,19
1,dile getirmiştir ülkede yıllardır devam eden toplumu derinden sarsan bu savaş ve çatışma sürerken yeni bir sosyal yıkım olan uyuşturucu bağımlılığı,5
1,yılarda orta doğu da küresel güçlerin de içinde bulunduğu bir savaş durumu var ve daha uzun bir süre bu durumun süreceği,5
1,biliyoruz neden çünkü yeryüzünde insanın insanla en sevimsiz karşılaşmasıdır çatışma savaş ve ölüm ve bu kurum da sanat ve meslek itibarıyla,5
1,tarafından kapatıldı başkan sözlerinizi tamamlayın sayın erdoğmuş zafer işik bursa savaş yok sadece terörle mücadele var terörle mücadele var ni metullah,23
1,ittifakın bizim bekamız için sahip olmamız gereken silahı mühimmatı ve savaş araç gereçlerini belirlemesine ve tek tedarikçi rolü oynamasına izin verilmemelidir,19
1,hi dayet vahapoğlu devamla teşekkür ederim sayın başkan unutulmasın ki savaş kararını siviller verir ama hayatını askerler kaybeder bu nedenle türk,1
1,diğer bir ifadeyle bir de dünyanın ekonomik siber ve nükleer savaş havasına girdiği bir ortamda ve buna mukabil savunma harcamalarını artırmaya,15
1,kalamayız batı nın ciddi bir rekabet içinde olduğu hatta olası savaş ihtimallerini konuştuğu rusya federasyonu ve çin den dolayı abd nin,19
1,doğu gibi geneli i slam coğrafyasında yaşanan çatışma ve iç savaş koşullarıyla ortaya çıkmaktadır yemen suriye lübnan filistin libya afganistan ın,20
1,2018 o 6 bundan bir ay önce 1 5 yaşındaki savaş isimli bir çocuğumuz alman koruyucu ailede uyku hâlinde ölü bulunmuştur,16
1,sekiz yıldır devam eden suriye de bir ateş var iç savaş var bu savaşın bir taraftan durdurulması için dinmesi için ateşkesin,7
1,paşa müttefikler için her şey bitmiş olabilir ama bizi ilgilendiren savaş kendi istikbalimizin savaşı şimdi başlıyor karşılığını vererek adanalı hemşehrilerimize direnme,19
1,ak parti sıralarından alkışlar başkan söz sırası aydın milletvekilimiz mustafa savaş bey e ait ak parti sıralarından alkışlar ak parti grubu,21
1,ait ak parti sıralarından alkışlar ak parti grubu adina mustafa savaş aydın sayın başkan değerli milletvekilleri bankacılık düzenleme ve denetleme kurumunun,21
1,15 temmuz gecesine kadar edi ile büdü gibiydi darbede kullanılan savaş uçaklarıyla roboski de kullanılan savaş uçaklarını aynı ekipler kullanmadı mı,19
1,ile büdü gibiydi darbede kullanılan savaş uçaklarıyla roboski de kullanılan savaş uçaklarını aynı ekipler kullanmadı mı kck operasyonlarını ne istediyse verdiğiniz,7
1,eğişiniz her alanda büyük tahribatlar yaratmaya devam edecektir unutmayın ki savaş ne üzerine kahramanlıklar yazılacak bir olgudur ne ekonomik kriz yapısal,18
1,gün yükselmekte halk ise yoksullaşmaktadır bu yoksullaşmanın en büyük sebebiyse savaş politikalarıdır önümüzdeki bütçe bunun en açık kanıtıdır bu bütçeye baktığımızda,9
1,yardımlar insanca yaşam için değil sandığa tahvil edilmiş sosyal yardımlardır savaş politikalarını kendi halkına karşı uygulayan bir yapıyla karşı karşıyayız bir,3
1,bu savaşı devam ettiriyor geçen hafta şengal ve mahmur a savaş uçaklarıyla yapılan saldırıda 1 i çocuk olmak üzere 7 kürt,22
1,65 milyonu yerinden edilmiş koruma arayan mazlumlardır suriye de iç savaş sonrası 7 milyon insan başka ülkelere sığınmıştır 1 milyon suriyeli,2
1,savunma adı altında silaha savaşa ayrılan bütçe yine aynı şekilde savaş politikalarını kendi halkına karşı uygulayan bir yapıyla karşı karşıyayız yine,7
1,bütçesi artırılıyorsa sadece en fazla olarak o zaman biz buna savaş bütçesi deriz kimse de bizim ağzımızı bu anlamda kapatamaz bu,19
1,şahi n ti n denizli pkk yla mücadele etmek savaşmak savaş bütçesi mi oluyor tuma çeli k mardin konuşun siz de,23
1,sizde görmemesidir o kadar kayyum politikalarınıza baskılarınıza gözaltılarınıza katletmelerinize ve savaş politikalarınıza rağmen 24 haziran seçimlerinde özellikle kürtlerin yoğun olduğu illerde,3
1,sebeple lütfen benim sizlerden ricam gerek yok artık ya bu savaş kelimelerine bu ülkede hep beraber yaşamak için neyiniz eksik ben,6
1,yanında görev yapmış sivil olmasına rağmen rütbe almış gerçek bir savaş kahramanı 9 ocak 1964 tarihinde yaşamını yitiren halide edip adıvar,5
1,hamasetle şehit edebiyatı yapılmaz gerçekten barış istiyorsanız bunun için uğraşırsınız savaş yok diyerek inkâr etmekle de barış sağlanmaz maalesef ve bir,5
1,mevzuda eşit vatandaşlık vatan ve benzeri cümlelerine siyasi terminolojinin bazen savaş diline bazen barışa davet ederken mütekabiliyet oluşturmasına da çok fazla,8
1,kadın konca kuriş konca kuriş in şahsında hem derin güçlerin savaş politikalarının kurbanı olan bütün kadınları hem erkek şiddetinin kurbanı olan,3
1,ülkelerine karşı asla yenilmeyecek daima her çatışmada her savaşta büyük savaş veya düşük yoğunluklu savaşlar dâhil olmak üzere galip gelebileceğini zannetti,16
1,ülkeden bahsetmekteyiz elbette bu ülke karşısında ve orta doğu da savaş siyasetinin tamamı karşısında bizler barıştan yanayız ama barışı bizler bugün,16
1,şu an en açık biçimiyle suriye de zuhur etmiş olan savaş tam da bunun yansıması ve sonucudur değerli arkadaşlar şu an,5
1,dünyadan bahsedilmesine sebep olmuştur şu an orta doğu da bir savaş meydanı hâline dönmüş olan orta doğu da ve özellikle şu,16
1,güçlerin vekâleten hatta vekâlet demek bile artık yetersiz doğrudan yürüttükleri savaş ortadadır değerli arkadaşlar akp iktidara geldiğinde evet suriye sınırlarında mayınlar,10
1,zaman içinde sıfır sorun politikası başarısız bir biçimde sonuçlanmış ve savaş politikasıyla karşı karşıya olduğumuz bir dönem başlatılmıştır akp özellikle ustalık,3
1,barış gücü gönderiyorsunuz ama suriye de aynı güçlerle çatışma ve savaş içindesiniz yanı başımızdaki ülkeye barış göndermekten barış götürmekten o ülkeyle,17
1,milletvekilleri lütfen tulay hatimoğullari oruç devamla bunu bildiğinizi ifade ederek savaş tezkeresine sizleri hayır demeye çağırıyorum meti n nurullah sazak eskişehir,6
1,mardin hiç duymamışsın sen duymamışsın bülent turan çanakkale bütçeyi ısrarla savaş bütçesi gibi saray bütçesi gibi çok sığ ifadelerle ithamda bulunmasını,17
1,kürt fark etmiyor hangi kimlikten olursa olsun muhabbetle aşkla anıyoruz savaş bitsin katliam bitsin özgürlük eşitlik adalet olsun türkiye nin tüm,1
1,gençlerin engellinin çocukların ve halkın bütçesi olması gerekirken buradan bize savaş ve rant bütçesi sunuldu evet bu bütçe savaş ve rant,5
1,buradan bize savaş ve rant bütçesi sunuldu evet bu bütçe savaş ve rant bütçesidir yapılan sunum içerisinde en büyük payın eğitime,14
1,kadının gencin engellinin çocukların ve halkın değil tekçi zihniyetin saray savaş ve rant bütçesi olduğunu söylemek istiyorum teşekkür ediyorum hdp sıralarından,7
1,bir süreç yaşamıştır şu anda da fiilen bölünmüştür libya iç savaş yaşamaktadır farklı bölgelerini farklı gruplar kontrol etmektedir libya ya müdahale,20
1,alıyoruz birlikte sonsuza doğru çatışmaya gerek var mı barış esas savaş arazdır ruhlar iki saf asker kin ve aşkı bölüşür bir,19
1,milletvekilleri erdin vekilimize allah tan rahmet diliyorum tekrar i ktidarın savaş bir halk sağlığı sorunudur açıklaması yapan hekimlere yönelik öfkesi devam,6
1,bırakılmakta sonra kamudan dışlanmaktadır adana gazipaşa aile sağlığı merkezinde çalışan savaş bir halk sağlığı sorudur bildirgesine imza atan türk tabipleri birliği,1
1,esaret değil özgürlük sömürü değil emeğin hakkını hukuksuzluk değil adalet savaş değil barış istiyor normalleşme istiyor kürt sorununu inançlar sorununu barışla,6
1,alınmıştı emperyalist devletler vatan topraklarını bir sırtlan gibi paylaşmıştı uzun savaş yıllarında nüfusumuz erimiş milletimiz yoksul ve bitap düşmüştü memleketimiz harap,7
1,yüce milletimiz göstermiş ve kanıtlamıştır i nsanlarımız elinde her türlü savaş yani ölüm makinesi olan tanklı tüfekli ağır silahlı hava ve,19
1,1402 sayılı yasa yla sıkıyönetimin üstünde seferberlik vardır onun üstünde savaş hâli vardır bunlar kademeli yönetim biçimleridir ama şimdi olağanüstü hâl,6
1,aynen şu ifadeleri kullanmıştır bu fotoğraf kürtleri bitireceğim diye kürtlere savaş açan saray rejiminin yenilgi fotoğrafıdır kürdistana sefer olur muzaffer olunmaz,6
1,tehlike vardır bir yeni edebiyat çıkardılar nedir çocuklar ölmesin bu savaş dursun türkiye de savaş falan söz konusu değildir savaş iki,22
1,edebiyat çıkardılar nedir çocuklar ölmesin bu savaş dursun türkiye de savaş falan söz konusu değildir savaş iki devlet arasında olur savaş,22
1,bu savaş dursun türkiye de savaş falan söz konusu değildir savaş iki devlet arasında olur savaş iki ordu arasında olur ortada,22
1,savaş falan söz konusu değildir savaş iki devlet arasında olur savaş iki ordu arasında olur ortada şerefli türk ordusuyla çapulcu sürüsü,22
1,ordusuyla çapulcu sürüsü arasında geçen bir mücadele vardır bunun adı savaş değil terörle mücadeledir bunun adına savaş diyerek kimse kendisine adamlık,23
1,mücadele vardır bunun adı savaş değil terörle mücadeledir bunun adına savaş diyerek kimse kendisine adamlık sıfatı çıkarmaya kalkmasın eline silah almış,23
1,emekliliği için bütçe olmadığından ve bütçe dengesinden söz ediyorlar güvenlikçi savaş politikalarına son üç yılda 3 kat fazla bütçe ayıranlar yine,3
2,teşekkür ederim sayın başkan 2011 yılında suriye de başlayan iç savaş sonrasında milyonlarca suriyeli açık kapı politikasıyla ülkemize sığındılar sorumluluğu olan,7
2,bizler vatanı için gözünü kırpmadan şehit olmuş ataların torunlarıyız bizler savaş zorunlu olmadıkça cinayettir diyen atatürk ün mirasçılarıyız savaş politikaları derhâl,7
2,torunlarıyız bizler savaş zorunlu olmadıkça cinayettir diyen atatürk ün mirasçılarıyız savaş politikaları derhâl son bulmalı sorunlar diplomasiyle ortak akılla çözülmelidir başkan,9
2,daha hatırlatalım sözleşmenin 20 nci maddesi çok açık bir şekilde savaş propagandasını yasaklamıştır savaş propagandasını yani savaş propagandası yapmak yasaktır ama,0
2,20 nci maddesi çok açık bir şekilde savaş propagandasını yasaklamıştır savaş propagandasını yani savaş propagandası yapmak yasaktır ama barışı savunmak serbesttir,0
2,çok açık bir şekilde savaş propagandasını yasaklamıştır savaş propagandasını yani savaş propagandası yapmak yasaktır ama barışı savunmak serbesttir i stanbul valiliğine,0
2,gerekiyor biz birbirimizle savaşmamalıyız biz sınır komşularımızla savaşmamalıyız biz ekonomik savaş vererek çocuklarımıza bir gelecek hazırlamalıyız bunun mücadelesini vermeliyiz teşekkür ederim,14
2,saldırı neticesinde hem rusya nın hem de suriye rejiminin bir savaş suçu işlediğini kabul etti bu rapor önemli bir şey olduğu,6
2,olduğu dönemdeki süreci parti devleti diye nitelendiriyorlar ne mutludur ki savaş meydanlarından gelen ve atatürk ün iki büyük eserimden biri diye,13
2,kurtulan mersin orası bir işgaldir başka ülkenin toprak bütünlüğünü ihlaldir savaş suçu işliyorsunuz siz hdp sıralarından alkışlar başkan teşekkür ederim sayın,13
2,n nurullah sazak eskişehir dinle dinle ebrü günay mardin sizin savaş çığırtkanlığınızı dinlemek zorunda değiliz muhammed levent bülbül sakarya ve dün,9
2,söylediği zaman nihayet savaşa giriyoruz diye eğer siz bunun bir savaş olduğunu düşünmüyor idiyseniz o zaman numan bey bir dakika bu,9
2,düşünmüyor idiyseniz o zaman numan bey bir dakika bu bir savaş değildir diyecektiniz demediniz nihayet savaşa giriyoruz demek biz saldırıyoruz demektir,14
2,esas olandır türkiye de kürt sorunu suriye de yaşanan iç savaş gibi konularda tüm tarafları ve halkları kapsayan adil demokratik ve,6
2,züleyha gülüm i stanbul düşmanla savaş hukuku uyguladınız cezaevlerinde siyasi mahpusları af kapsamı dışında bıraktınız ölümü,13
2,harekâtı mıza başlamış bulunmaktayız özellikle belirtmek isterim ki bu bir savaş değildir türkiye cumhuriyeti nin bekasını ve bölgesindeki güvenliğini sağlamak amacıyla,6
2,devam edin sayın türkkan lütfü türkkan kocaeli yezit gibi kalleşçe savaş kazanacağımıza hüseyin gibi şehit düşmeyi kendimize düstur edinmiş olmayı haklı,6
2,her yerinden on binlerce insan iktidarın ülkeyi içine sürüklediği çatışma savaş ve baskı ortamından çıkılması ve barışın tesis edilmesi için ankara,6
2,kınamak için kolluk kuvvetlerinin bu saldırılarını ikincisi de işte bir savaş ortamının yarattığı sonuçların ilk göstergeleridir bunlar sonuç itibarıyla mikrofon otomatik,9
2,başkan tamamlayalım sayın oluç hakki saruhan oluç i stanbul tamamlıyorum savaş derinleştikçe bu konudaki saldırılar baskılar artacaktır buna dair çok fazla,13
2,söylemekten asla vazgeçmeyeceğiz asla bir adım geri durmayacağız her zaman savaş karşısında çatışma karşısında şiddet karşısında tutarlı bir tavır takındık bundan,14
2,peki millet iradesinin tecelli ettiği türkiye büyük millet meclisinin bir savaş esnasında başka bir ülkeye düzenlediği mehmetçik in kaderini belirleyecek bir,6
2,buradan neredeyse ittifakla geçen tezkere hatibin iddia ettiği gibi bir savaş tezkeresi değil bir barış tezkeresi biz savaş için değil ülkemizin,14
2,ettiği gibi bir savaş tezkeresi değil bir barış tezkeresi biz savaş için değil ülkemizin güvenliği için oradayız serpi l kemalbay pekgözegü,9
2,turan siz de bülent turan çanakkale sayın başkan bu tezkere savaş tezkeresi değil bu tezkere terörle mücadele tezkeresi pkk ya vurdukça,13
2,destek olsunlar ya da ses çıkarmasınlar ama her çıktıklarında böyle savaş tezkeresi iddiasının doğru olmadığını düşünüyorum bugün pkk 9 aylık muhammed,13
2,zırhlı gemilere karşı kayıklarla kamyona karşı kağnılarla yürütülen başka bir savaş yoktur bu nedenle 1924 yılında meclisimiz tarafından beyaz şeritli i,13
2,otururlar hep böyle oldu şimdi bu 2 kişi gizlilik taşıyan savaş planlarını ele geçirdikleri iddiasıyla sorgulanıyor gözaltındalar mikrofon otomatik cihaz tarafından,2
2,nebolu üzerinden yapılan sevkiyatı kesmek için yunan donanmasına ait 2 savaş gemisi 9 haziran 1921 de i nebolu yu bombalamış ancak,9
2,kınıyoruz dün bu konuyu meclisimizde değerlendirmiştik tüm dünyada basın özgürlüğü savaş ortamında bile asla ihlal edilemez bir prensiptir bir dokunulmazlıktır ajans,11
2,hakkını elde edişinin 85 inci yıl dönümünü idrak ediyoruz uzun savaş yılları vatan kayıpları yüz binlerce şehit eriyen nüfus çöken ekonomi,13
2,telefon tape sinde arkadaşı diyor ki neden moralin bozuk ya savaş var moralim bozuk diyor mikrofon otomatik cihaz tarafından kapatıldı başkan,9
2,tel abyad dan 20 bin ton hububat alacağı açıklanmıştır yıllardır savaş bölgesi olan ve sayısız silah ve bombaların kullanıldığı suriye topraklarından,13
2,politikalarınızla milyonlarca suriyeli mülteci ithal ettik mülteciler yetmedi şimdi de savaş artığı sağlıksız topraklarda yetişen arpayı buğdayı zeytinyağını patatesi ithal eder,7
2,monşerler diplomasisine son deyip gelenler monşerler diplomasisi türkiye nin soğuk savaş döneminde rusya nın komşusu ta amerika nın da müttefiki olmayı,6
2,örnek vereceğim teşbihte hata olmasın amerika nın vietnam da yürüttüğü savaş sırasında 60 bin amerikan askeri öldü kaç milyon vietnamlı öldü,6
2,el kaide artığı öso ya da millî suriye ordusunun yaptığı savaş ve insanlık suçlarının da yanında durmuyordur inşallah türkiye dedi türkiye,6
2,geç i çi şleri bakani süleyman soylu devamla bu bütçeyi savaş bütçesi olarak söyleyenlere sözümdür bu bütçe savaş bütçesi değildir bu,9
2,devamla bu bütçeyi savaş bütçesi olarak söyleyenlere sözümdür bu bütçe savaş bütçesi değildir bu bütçe diyarbakır annelerinin bütçesidir diyarbakır annelerinin bütçesidir,9
2,cumhuriyeti devletinin kuruluş felsefesine ve kurucu iradeye karşı amansız bir savaş açan adalet ve kalkınma partili birçok kimse ve yandaş yazarlar,14
2,sınai kompleks üzerinden geliştirilmeye çalışılmıştır dolayısıyla bunu tartışırken kaçınılmaz olarak savaş politikalarını ve silahlanmayı tartışıyoruz mikrofon otomatik cihaz tarafından kapatıldı başkan,7
2,millî ordusu çetesinin insan hakları ihlali işlediğine insanlık suçu ve savaş suçu işlediğine dair açıklama yapıyor araştırma yapıyoruz türkiye bunların yanında,6
2,stanbul dolayısıyla gayrimeşru hukuka dayanmayan uluslararası hukuku çiğneyen insan hakları savaş hukukunu çiğneyen yapıların yanında duramazsınız meşru iktidar olarak kabul edilemez,13
2,çekileceksiniz bunlar kuvayımilliye filan değil bunlar öyle insan haklarına ve savaş hukukuna uygun savaşan insanlar değil bunlar çetedir sivilleri katlediyorlar doğrudan,13
2,bütçe değil bu bütçe akp ve yandaşlarının bütçesidir uluslararası tekellerin savaş sanayisinin askerî bürokrasinin ve polis devletinin bütçesidir 763 tbmm b,7
2,ve türkiye yi savaşa sürükleyen bir bütçedir bu bütçe bir savaş bütçesidir bizi seyreden bütün halkımı saygıyla sevgiyle selamlıyorum biz bu,14
2,suçlu bakıyorum rakamlara çok uzağa gitmeye gerek yok ve bu savaş tam sekiz yıldır devam ediyor bir gün iki gün değil,10
2,bir gün iki gün değil sekiz yıldır devam eden bir savaş 1 milyon insan ölmüş hiç kimsenin umurunda değil türkiye dışında,10
2,değil veli ağbaba malatya kim başlattı acaba garo paylan diyarbakır savaş mı özlem zengi n devamla suriye deki savaştan bahsediyorum iç,9
2,problemi var çok büyük gördüğümüz işte nato birleşmiş milletler bunlar savaş sonrası bu yüzyıl içerisindeki savaşlar neticesinde dünyaya barış gelsin huzur,13
2,sayın kurtulan fatma kurtulan mersin tamamlıyorum sayın başkan orada bu savaş tüm halklarımıza kürtlerin ve türklerin ortak birlikte yaşama iradesine umuduna,6
2,1974 te amerika ya rağmen başbakan bülent ecevit biz aslında savaş için değil barış için adaya gidiyoruz diyerek barış harekâtını başlatır,14
2,emperyalist bir kan emicisi olarak bugün türkiye cumhuriyeti devletine âdeta savaş açmış ve hiç ilgisi olmadığı hâlde türkiye cumhuriyeti nin devlet,6
2,evinde gözaltına alındı sinan çiftyürek 67 yaşında ve böbrek hastasıdır savaş karşıtı bir tutum sahibi olduğu için buna maruz kaldı bu,14
2,bilmiyoruz bir şey anlatmaya çalışıyoruz anlatmaya çalıştığımız şu bir kere savaş ortamına girildiği zaman bomba nereden geldi füze nereden uçtu bunların,14
2,burası meclis biz siyasi bir şeyi tartıştığımız için diyoruz ki savaş kötüdür savaş başladığı zaman savaş sırasında masum insanlar da ölür,9
2,biz siyasi bir şeyi tartıştığımız için diyoruz ki savaş kötüdür savaş başladığı zaman savaş sırasında masum insanlar da ölür askerler de,9
2,şeyi tartıştığımız için diyoruz ki savaş kötüdür savaş başladığı zaman savaş sırasında masum insanlar da ölür askerler de ölür ak parti,9
2,oluç i stanbul teşekkür ederim yani anlatmaya çalıştığımız bu bir savaş ortamının herkesi yaralayabileceğini en yakınımızdakilere bile acı verebileceğini söylemek istiyordum,11
2,oluyoruz yani bir milletvekili hatip burada dedi ki bu iç savaş kaçınılmazdır yani ondan evvelki bir konuşmacı o tartışmaya sebep olan,14
2,bunun 4 üncü protokolü vardır 1949 cenevre sözleşmeleri denilen ve savaş sırasında savaş felaketlerine herhangi bir şekilde maruz kalan insanların şeref,13
2,üncü protokolü vardır 1949 cenevre sözleşmeleri denilen ve savaş sırasında savaş felaketlerine herhangi bir şekilde maruz kalan insanların şeref ve haysiyetlerinin,13
2,tüm devletlerin imzaladığı bir sözleşmeden söz ediyorum 4 üncü cenevre savaş sözleşmesi nden mikrofon otomatik cihaz tarafından kapatıldı başkan devam edin,9
2,edin hakki saruhan oluç i stanbul bu 4 üncü cenevre savaş sözleşmesi nin 49 uncu maddesi kısaca şöyle bir belirlemede bulunur,9
2,uncu maddesi kısaca şöyle bir belirlemede bulunur der ki bir savaş hâliyle ilgili olarak bir bölgeye yeni bir nüfus transfer edilemez,14
2,işkence uygulanamaz dolayısıyla bunu hatırlatmak istiyorum yani bu sözleşmeye göre savaş hâllerinde başka bir yerden nüfus taşımak bölgedeki nüfusu yerinden etmek,13
2,başka bir yerden nüfus taşımak bölgedeki nüfusu yerinden etmek bir savaş suçudur şimdi yapılan açıklamalardan gördüğümüz kadarıyla bir selefi cihatçı kemer,14
2,propagandasıyla gölgelenmemesini bekliyor demişti bu açıklamanın ardından da dün gece savaş naraları atan yandaş televizyon baykuşları o gün trump daş kesilmişlerdi,0
2,bağdat merkezli olarak başlayan eylemler irak ta yeni bir iç savaş provası niteliğindedir 6 ekim itibarıyla irak taki olaylarda hayatını kaybedenlerin,13
2,öncelikle şunu belirteyim memleketin genel siyasi iklimine basına siyasetçilere bakıyoruz savaş tamtamları çalıyor miğferler takılmış silahlar kuşanılmış hatta fetih duaları bile,11
2,çok önemli çünkü özellikle son otuz kırk yıldır dünyada kim savaş yapıyorsa ilk önce güzel isimler buluyor mesela amerika irak a,13
2,devletinin tarım bakanı çıkıp evet biz bunu yaptık diyebildi ganimet savaş ganimeti niye çünkü oradaki yapıları finanse etmeniz lazım oradaki yapılar,9
2,oradan buradan insanları biz getireceğiz bu bölgeye yerleştireceğiz derseniz bir savaş suçu işlemiş oluruz iki insanlığa karşı suç işlemiş olursunuz üç,14
2,öldürdüğü sivil sayısı 422 dir rakam farklı olabilir fakat arkadaşlar savaş çıktığı zaman ölüm olur şimdi savaş çıksın efendim biz işte,13
2,farklı olabilir fakat arkadaşlar savaş çıktığı zaman ölüm olur şimdi savaş çıksın efendim biz işte sadece gideceğiz bazı militanları örgüt militanlarını,9
2,tabipler birliği çıktı hiçbir şey demedi tek bir şey dedi savaş bir halk sağlığı sorunudur bu ülkenin doktorları bunlar niye çünkü,14
2,bir halk sağlığı sorunudur bu ülkenin doktorları bunlar niye çünkü savaş çıktığı zaman insanlar ölür sivil de ölür yaşlı da ölür,14
2,matematik olarak rakamlara vuramazsınız her biri can insan şimdi insanlar savaş alanlarına sürülecek görünen o suriye konusunda ve kürt meselesi konusunda,14
2,itaatçi bir mantık şu an suriye de kocaman büyük bir savaş cephesi daha açalım başka yaralar açalım ve suriye deki çözümü,14
2,emperyalist ülkelerin açlığı büyük ortadoğu projesi eş başkanlık arap baharı savaş yaklaşık 3 milyon 750 bin müslümanın katledilmesi avrupa ülkelerinin ganimet,13
2,atılması gereken uluslararası ve ulusal tüm adımları attık suriye de savaş patlak verdiğinde bir cumhuriyet halk partisi heyetini suriye ye esad,13
2,ve öyle olmak zorundadır barış esastır ve kalıcıdır o nedenle savaş bittikten sonra yunanistan la ve diğer ülkelerle dost olmayı başaran,14
2,cumhuriyet halk partisi olarak asla izin vermeyeceğiz sorunları savaşarak kapatamazsınız savaş büyük atatürk ün çok doğru saptadığı gibi meşru müdafaa yapılmazsa,13
2,ypg de suriye de 2011 yılından beri devam eden iç savaş ve karışıklıktan istifade ederek bölge dışı bazı ülkelerin desteğiyle deaş,9
2,bir şey kazanmaz şunu görün değerli dostlar suriye de bir savaş yaşanmıyor suriye de birkaç savaş bir arada yaşanıyor vekâlet savaşları,14
2,değerli dostlar suriye de bir savaş yaşanmıyor suriye de birkaç savaş bir arada yaşanıyor vekâlet savaşları da yaşanıyor bu çatışmaların bir,9
2,savaşan macarlara yine osmanlılar yardım etmiş rusya ve avusturya nın savaş tehditlerine rağmen sultan abdülmecit macar direnişinin reisi kossuth u ve,13
2,ak parti nin üst düzey yöneticileri harekât planını açıkça bir savaş olarak tanımlarken savaşa giriyoruz ifadesini kullanırken iktidarın muhalefeti parlamentoyu yeterli,9
2,giriyoruz ifadesini kullanırken iktidarın muhalefeti parlamentoyu yeterli ölçüde bilgilendirmekten kaçınmasıdır savaş kavramının kullanılması da farklı hukuki sonuçlar tazammun eder buna dikkat,9
2,farklı hukuki sonuçlar tazammun eder buna dikkat çekmek istiyorum eğer savaş kavramını kullanacaksak bunu hangi gerekçelere dayandırıyoruz harekâtın aşamaları net hedefleri,13
2,devlet dışı unsurları doğrudan destekleyen açıktan destekleyen ve komşuda iç savaş kışkırtıcılığına varan bir politikanın türkiye yi getirdiği nokta ortada dış,6
2,bir parti değildir ama cumhuriyet halk partisi başta komşuda iç savaş kışkırtıcılığı savaş göçmen yaratan politikalara göçmen yaratan siyasetçilere sonuna kadar,9
2,değildir ama cumhuriyet halk partisi başta komşuda iç savaş kışkırtıcılığı savaş göçmen yaratan politikalara göçmen yaratan siyasetçilere sonuna kadar karşıdır chp,9
2,yanında olduk ve olmaya devam ediyoruz dünyanın dört bir tarafında savaş afet pandemi yağmur çamur demeden mücadele eden ve bilgi edinme,14
2,gündemimiz corona virüsü olduğu için ben de hep birlikte bu savaş için bir arada olacağımızı söyleyerek elimizden geleni yapmak üzere mikrofon,1
2,zeybek devamla değerli milletvekilleri bakınız bakınız ali özkaya afyonkarahisar vural savaş da mı tarafsızdı başkan sayın özkaya 266 tbmm b 30,13
2,enflasyon ve dış ticaret tehditleriyle ülkemize karşı âdeta ekonomik bir savaş açılmıştır bu saldırılarla ülkemizin emperyalist ülkelerin çıkarları doğrultusunda taviz vermesi,13
2,terör eylemleriyle birlikte asimetrik tehditler vekâlet savaşları uluslararası hukuku ve savaş hukukunu yok sayan güçlülerin kendi hukukunu dayatma anlayışı dünya gündemine,13
2,yayılmacı hedeflerine hizmet eden üyesi olan ülkelerin tek tedarikçisi olarak savaş sanayisini besleyen yine nato sözleşmesi nin getirdiği ortak yükümlülüklerin işlerine,13
2,dış desteklerle uzun yıllar yürütülmektedir küresel planlama yapan güçler yeni savaş anlayışıyla hareket etmekte savaşa doğrudan girmenin getireceği yıkıcı sonuçlara can,9
2,yıkıcı sonuçlara can kaybına ve ciddi mali yıkımlara maruz kalmadan savaş yürütmektedirler bu konuda yerli unsurlar vekâleten görevlendirilmektedir bunun için ülkelerin,14
2,dolaylı olarak muhatap kalma ihtimali mevcuttur ayrıca günümüzün şartları soğuk savaş öncesi askerî güç odaklı bakış açısının terk edilerek bütünlükçü ve,13
2,ve kuruluşlarda görev yapan sivil memurlarımız aileleriyle birlikte barışta fakat savaş şartlarında görev yapmaktadırlar vatana hizmet şuuruyla görev yaptıkları için katlandıkları,14
2,ve kürtlere dair her şeye olan değerlere karşı olan bir savaş mahiyetindedir peki bunların bugünkü versiyonu nedir sevgili arkadaşlar şimdi yüzlerce,13
2,de bu kürt sorununu yüzyıllık kürt sorununu çözmek zorundadır aksine savaş bütçesi anlamına gelen bu bütçelerle bu ülke bir yere varamaz,13
2,sizsiniz fatma kurtulan mersin savunma bakanı burada yıllardır burada bir savaş var ya da çatışma diyelim her neyse oluk oluk kan,13
2,yanı sıra suriye başta olmak üzere orta doğu da izlediği savaş politikası ve iç politikadaki kürt düşmanlığının bugün vardığı yüksek düzeyli,7
2,bugün vardığı yüksek düzeyli gasp ve siyasi darbe ortamı sonucunda savaş bütçesini oluşturmaya çalışıyor görüşmekte olduğumuz bütçede de görüldüğü gibi siyasi,13
2,bilhassa gençlerimizin her türlü uyuşturucudan uzak durarak bu bağımlılığa karşı savaş açmalarını temenni ediyorum teşekkürler başkan sayın yılmaz,14
2,yapacağım elinden gelen gayreti de göstermektedir ne yapacağız çin e savaş mı açacağız yani bu istismardan başka bir amaç taşımamaktadır ak,14
2,güneydoğu anadolu bölgesi nde asimilasyon yapıyorsunuz istismar yapıyorsunuz onlara karşı savaş açtınız diyemez ayrıca doğu türkistan meselesi ile güneydoğu anadolu bölgesi,6
2,parlamento tablosuna hükûmetin sömürüyü örtmek için sarıldığı terör diskuruna izlenen savaş ve işgal politikalarına ekonomik savaş var söylemine bu yıl şu,7
2,için sarıldığı terör diskuruna izlenen savaş ve işgal politikalarına ekonomik savaş var söylemine bu yıl şu ana kadar 1 600 işçinin,7
2,olmadığı için değil sermayeden yana tercih yapıldığı içindir şimdi bu savaş faiz ve sermaye bütçesini halka yedirmeye çalışıyorsunuz türkiye de bir,6
2,sadece basına yansıyan bizim takip ettiklerimiz resmen kadınlara karşı bir savaş yaşandığını söyleyebiliriz bu vahim tabloyu ve kadın kırımıyla bu mekanizmalarla,14
2,barışın ve refah düzeyinin kaynağı olması gerekirken maalesef günümüzde bir savaş sebebi olma durumunu devam ettirmektedir ülkemiz enerjide dışa bağımlı ve,14
2,kapasitesi konusunda hayal kırıklığı yaratan bazı gelişmelerin yaşandığı da görülmektedir savaş çatışma ve insanlık dramlarının yaşandığı süreçlerde birleşmiş milletlerin fonksiyon ifa,9
2,erdoğan cuma günü yaptığı açıklamada i dlib de yaşananlar için savaş dedi türkiye büyük millet meclisinin mehmetçik için izin verdiği yurt,6
2,hiçbir yerinde türkiye nin savaşa girdiği yazmıyor anayasa ya göre savaş kararı yetkisine sahip olan meclisin bile haberinin olmadığı bir savaş,11
2,savaş kararı yetkisine sahip olan meclisin bile haberinin olmadığı bir savaş olduğunu anlıyoruz bu açıklamadan madem sayın cumhurbaşkanı savaş dedi o,11
2,olmadığı bir savaş olduğunu anlıyoruz bu açıklamadan madem sayın cumhurbaşkanı savaş dedi o zaman şu soruyu sormamız gerekiyor bu savaş kime,9
2,cumhurbaşkanı savaş dedi o zaman şu soruyu sormamız gerekiyor bu savaş kime karşı arkadaşlar i ktidara bakarsak askerimiz i dlib de,9
2,gönderdiniz bir daha soruyoruz bu savaşta kim kiminle savaşıyor bu savaş kimin savaşı mikrofon otomatik cihaz tarafından kapatıldı başkan buyurun 69,9
2,tüm bunları yapmak için oldukça geç kaldığı kanaatindeyiz parçalanmış ve savaş hâlindeki irak devleti bile hızlı bir karar alarak daha ilk,11
2,gezi hadiseleri 1871 yılında paris te almanya yla prusya yla savaş sonunda doğan bir iç kargaşadan yararlanmak suretiyle başlatılan bir ayaklanma,14
2,türkiye cumhuriyeti nin terörle mücadelesini hedef alan ifadelerdir türkiye de savaş yoktur terörle mücadele vardır ve bu mücadelede türkiye cumhuriyeti terör,6
2,bu bölücü ifadeleri reddediyoruz ve kınıyoruz ayrıca kürt silahlı muhalefetine savaş açılmıştır ne demek bu ifadeler terörizm destekçiliğidir terörizmi terörist faaliyetleri,14
2,görmüyoruz bu saatte hepimiz tekrar yeniden toplandık ancak getirip işi savaş vardır yoktur yani bir dönemin genelkurmay başkanı düşük yoğunluklu savaş,9
2,savaş vardır yoktur yani bir dönemin genelkurmay başkanı düşük yoğunluklu savaş var demiştir biz oraya takılmıyoruz kavramlara takılmıyoruz 304 tbmm b,9
2,mersin lütfen arkadaşlar lütfen rica ediyorum hüseyi n yayman hatay savaş değil çatışma dedi başkan arkadaşlar lütfen fatma kurtulan mersin her,6
2,çalışanları ise hakkını ödeyemeyeceğimiz bir gayretle coronavirüse karşı âdeta bir savaş sürdürmektedir başta şiddet ve özlük hakları olmak üzere sağlık çalışanlarımızın,1
2,nakliye sektörü ülkemizin ilklerindendir 2011 yılında başlayan suriye deki iç savaş nedeniyle orta doğu ya açılan en önemli kapı olan cilvegözü,13
2,şler kısmına geçiyoruz 1 inci sıraya alınan aydın milletvekili mustafa savaş ile 88 milletvekilinin bankacılık kanunu ile bazı kanunlarda değişiklik yapılmasına,3
2,saldırılar düzenlemesi kabul edilebilir bir durum değildir bilinmelidir ki işledikleri savaş suçlarına dünya kamuoyu önünde pervasızca devam eden bu katil sürüsü,13
2,arkadaşlar hepinizi saygıyla selamlıyorum i dlib ve suriye politikaları ve savaş tezkeresi tartışıldığında hdp olarak burada savaşa tek hayır diyen oraya,7
2,tezkeresi tartışıldığında hdp olarak burada savaşa tek hayır diyen oraya savaş konseptiyle gitmenin ülkemiz için türkiye için yararlı olmadığını savunan bir,6
2,tehdit olarak sunma talihsizliğinde bulunanlara dağda savaştan bahsedenlere söylüyorum dağda savaş olmaz dağda terörle mücadele olur dağa 2 nedenle çıkılır ya,13
2,bir gün bile kalmamıştır sayın başkan değerli milletvekilleri tecrit uygulaması savaş politikaları ve kayyum atamaları iktidarın ömrünü uzatmak istediği gayrimeşru ve,10
2,hukuksuz politika ve pratikleriyle doğrudan ilişkilidir tecrit hak ihlallerinin adaletsizliklerin savaş politikalarının normalleştirilmesinde iktidarın önemli bir enstrümanı hâline gelmiştir bu nedenle,7
2,iptal edilen hukuk iktidarın demokratik meşruiyetini de ortadan kaldırmaktadır süreklileşmiş savaş politikaları ve son olarak kuzey ve doğu suriye ye yönelik,7
2,rolü olan uluslararası güçler benzer şekilde orta doğu ya ilişkin savaş dışında bir politika üretemeyen güçlerdir tecritte ısrar eden mevcut iktidar,7
2,bütçe teklifiyle karşı karşıya kaldığımız gerçeklik bir kara çukur gerçekliğidir savaş bütçesini önceleyen şiddeti her alana yayan bir iktidar anlayışıyla karşı,14
2,zaman yapabilirsiniz biliyor musunuz 5018 sayılı yasa ne diyor okumamışsınızdır savaş zamanı yapabilirsiniz diyor savaş için ödenek üstü harcama yapıyorsunuz insanlar,9
2,5018 sayılı yasa ne diyor okumamışsınızdır savaş zamanı yapabilirsiniz diyor savaş için ödenek üstü harcama yapıyorsunuz insanlar savaş var deyince insanları,9
2,zamanı yapabilirsiniz diyor savaş için ödenek üstü harcama yapıyorsunuz insanlar savaş var deyince insanları gözaltına alıp tutukluyorsunuz e siz yapıyorsunuz i,9
2,devletin mali krizini büyüten işte bu ekonomik anlayıştır işte bu savaş politikalarıdır işte bu kayyum rejimidir dolayısıyla kayyum rejimine karşı çıkmadan,7
2,politikalarıdır işte bu kayyum rejimidir dolayısıyla kayyum rejimine karşı çıkmadan savaş politikalarına karşı çıkmadan bu ekonomiyi düzeltmek mümkün değildir bütçe açığının,7
2,köylülerle inançları dolayısıyla mezhepçi politikaların ve şiddetin hedefinde olan alevilerle savaş siyasi iklim veya ekonomik gerekçelerle yaşadıkları toprakları terk etmek zorunda,7
2,savaşta altmış yetmiş yıldır süren bir savaştı bu ve bu savaş bu yılın başında çözüldü ve çözen ülkelerden biri de türkiye,6
2,gerekir suriye de pek çok ülke var orada bir iç savaş var oradaki iç savaşın çıkmasından türkiye cumhuriyeti devletini sorumlu tutmak,6
2,onu belirtmek isterim biz kaçan insanlara kapılarımızı açtık orada iç savaş çıktıktan sonra türkiye bu durumla karşı karşıya kaldı ve ortaya,6
2,suriye iç savaşının ilişkisini biz anlayamadık orada zaten bir iç savaş çıkmış orada iç savaş çıkışının arkasındaki dinamikler çok farklı çok,9
2,biz anlayamadık orada zaten bir iç savaş çıkmış orada iç savaş çıkışının arkasındaki dinamikler çok farklı çok boyutlu biz daha sonraki,9
2,ben 2020 yılının ilk günü babamı toprağa verdim 2020 yılında savaş oldu savaşı gördük efendime söyleyeyim deprem oldu depremi yaşadık şimdi,13
2,ürettiği havadan havaya füzenin millî muharip uçağımıza ve f 16 savaş uçaklarımıza monte edilebileceği de bir hakikat böylece savaş uçaklarımızda kullandığımız,9
2,f 16 savaş uçaklarımıza monte edilebileceği de bir hakikat böylece savaş uçaklarımızda kullandığımız hava yer silahlarına ek olarak havadan havaya silahlarımız,9
2,dışında pek çok ülkede özellikle komşularımız suriye ve irak ta savaş nedeniyle göç etmek zorunda kalmış insanlara gıda başta olmak üzere,13
2,6 2020 o 1 son dönemde türkiye nin savunma ve savaş sanayisinde gerçekleştirdiği atılımlar türkiye nin diplomatik başarılarının hazırlayıcısının faktörlerinden biri,6
2,ediyorum geçen haftadan kalan tartışmaları yani bu mesele başladığından beri savaş demek durumundayım mesele deyip geçiştiremeyiz operasyon da diyemeyiz binlerce yüz,14
2,şunu yapalım bu meclisin sağlıklı çalışması için ta başından bu savaş değil bu işgal değil diye gerginliğe mahal verecek açıklamalarda bulunmayalım,9
2,pınarı askerî harekâtı nı hem bir işgal girişimi hem de savaş olarak telakki etmektedir kendisi bu mecliste olduğuna göre meclisimizde 4,14
2,olarak hayatımız boyunca hep bu konuda mücadele içerisinde olduk neyin savaş neyin terör olduğunu gayet iyi biliyoruz kimler deaş la iş,13
2,grup olarak böyle düşünüyoruz sayın başkan sayın milletvekilleri bu bir savaş mıdır polemiği aslında ak parti nin başlattığı bir polemiktir i,2
2,başkan vekili daha sonra kimi sayın bakanlar bu işin adını savaş koydular bu yakışık almamıştır bu işin adını fetih koydular bu,9
2,toprağa düşüyor siz hâlâ şu kavram ile i şgal midir savaş mıdır savaş şunlarla olur bilmem bu bunlarla olur gidin allah,13
2,siz hâlâ şu kavram ile i şgal midir savaş mıdır savaş şunlarla olur bilmem bu bunlarla olur gidin allah aşkına ya,13
2,vereceğiz bunun başka bir karışlığı yok ki mensur işik muş savaş çığırtkanlığı yapıyorsunuz özlem zengi n tokat bu sebeple benim kastettiğim,13
2,fark var birisi bana çıksın söylesin sayın başaran diyor ki savaş ve işgal ak parti genel başkan vekili diyor ki savaş,9
2,savaş ve işgal ak parti genel başkan vekili diyor ki savaş ak parti genel başkanı diyor ki fetih fetih bir şehir,9
2,yerde demin de ben üç dakikalık konuşmamda söyledim bu işin savaş mı terörle mücadele mi güvenli bölge tesisi mi olduğu noktasında,13
2,olması önemlidir deriz fikirlerine katılmayız doğru görmeyiz ama bu son savaş başladığından beri sanki biz burada el kaldırdık sanki biz bu,13
2,değil siyasi etik böyledir kadın dayanışması her şeye rağmen tüm savaş politikalarınıza rağmen biz böyle bir yerde duruyoruz hdp sıralarından alkışlar,2
2,yok öyle bir şey istemiyorum fatma kurtulan mersin biz bu savaş dursun isteriz bu savaşı ciğerinde en bariz hisseden bizleriz el,14
2,arkadaşlar savaşı bitirin çözüm çözüm çözüm mücahi t durmuşoğlu osmaniye savaş değil terörle mücadele bunun adını koyalım başkan teşekkürler sayın kurtulan,13
2,türk güvenlik güçlerinin yurt içinde de terörle mücadelesine zaman zaman savaş diyorsunuz bu üslubun da değiştirilmesi lazım bakın aramızda 5 metre,6
2,bulundukları topraklarda yok etmek için yapılmaktadır utanmadan arlanmadan türkiye kürtlere savaş açtı işgalci diyen gafiller türkiye cumhuriyeti devleti hiçbir zaman işgalci,6
2,tutuklanması yargılanması aslında asla hukuk çerçevesinde olmuyor i ktidar gerçeklere savaş açmış durumda hakikatin haberini yapan hakikatin peşinde koşan gazetecilere savaş,9
2,savaş açmış durumda hakikatin haberini yapan hakikatin peşinde koşan gazetecilere savaş açmış durumda ama bu savaşı kaybedecek er ya da geç,9
2,tamer dağlı adana nevzat ceylan ankara kemal çelik antalya mustafa savaş aydın yavuz subaşı balıkesir ziver özdemir batman vildan yılmaz gürel,6
2,onursal başkanı ve büyükşehir belediye başkanımız sayın doçent doktor lütfü savaş ı kulüp başkanını yönetimini futbolcularımızı ve emeği geçen herkesi canıgönülden,9
2,katkıyı sağlayan emek harcayan hatay büyükşehir belediye başkanımız sayın lütfü savaş ı canıgönülden tebrik ediyorum gelecek sezon mücadele edeceğimiz süper lig,13
2,sayın başkan bölgemizde özellikle sınır komşumuz suriye de yaşanan iç savaş şiddetli bir mülteci akınını tetiklemiş ve türkiye nin kapılarını açmasından,6
2,suriye deki rus güçlerinin ve suriye rejimine bağlı birliklerin işledikleri savaş suçları anlatılıyor o da doğru fakat başka şeyler de anlatılıyor,14
2,uzantısı olan grupların veya türkiye de iktidarın desteklediği suriyeli çetelerin savaş suçu işlediği de iddia ediliyor aynı şekilde ve özellikle suriye,6
2,saldırılara yer veriyor yani sadece suriye nin ve rusya nın savaş suçlarına değinilmiyor rapor doğrudan doğruya iktidarı ilgilendiren ve suriye de,13
2,komşunuzdaki devlet dışı unsurları muhatap aldığınız ve komşunuzda bir iç savaş kışkırtıcılığı yaptığınız için komşunuzdaki huzursuzluk ve iç savaşın bir sonucudur,9
2,dile getirdiğimiz gibi bu raporda da tekrar altı çizilmiş bir savaş suçudur türkiye orada desteklediği kimi güçler eliyle de savaş suçu,13
2,bir savaş suçudur türkiye orada desteklediği kimi güçler eliyle de savaş suçu işlemeye devam ediyor oradan bir an önce çıkmak türkiye,6
2,atması gerektiğinin altını çiziyoruz allah mehmetçik imizin burnunu kanatmasın diyoruz savaş zorunlu olmadıkça bir cinayettir ama türkiye bölgedeki hak ve menfaatleri,13
2,alındı bunu da merak ediyoruz libya da böyle bir iç savaş varken libya da böyle bir sıkıntı varken yeni bir göçmen,2
2,içinde olmasını olumlu buluyorduk sonra döndü suriye nin içinde bir savaş süreci başladı türkiye den yapılan açıklamalar orada başlayan çatışmaları alevlendiren,6
2,olsaydı cumhuriyet halk partisi burayı birbirine katardı bülent turan çanakkale savaş çıkarırlardı mehmet muş i stanbul ama oraya gelince gıklarını çıkaramıyorlar,14
2,tam doksan dokuz yıl önce bugün çocuk esirgeme kurumu kuruldu savaş meydanlarında emperyalist ordulara karşı mücadele eden kahraman mehmetçik in askerlerimizin,9
2,hiç de inandırıcı ve ilkeli değilsiniz neden mi çünkü iç savaş çıktığında birleşmiş milletlere göre suriye nin meşru hükûmeti esad hükûmetiydi,9
2,de gereği budur sayın milletvekilleri libya da ahlaksız bir iç savaş yaşanıyor bu iş savaşın farklı taraflarını farklı güçler destekliyor hatta,14
2,taşeronu olmaya sürükleniyoruz türkiye cumhurbaşkanı tunus a gidiyor ve oradan savaş çığırtkanlığı yapıyor ama tunus beklentilere karşılık vermiyor peki libya nın,6
2,devlet yönetimine katılmış kılıç kuşanmış at binmiş ve vatanı için savaş meydanlarında bulunmuştur halide onbaşı nezahat onbaşı şerife bacı erzurumlu kara,9
2,saygılarımla i rfan kartal van komisyon geçici başkanı başkan mustafa savaş aydın 20 oy başkan vekili nevzat şatıroğlu i stanbul 20,13
2,de dertlerini dile getiriyorlar fakat burada halkın insanca yaşam talebini savaş politikalarıyla bastırma yöntemini açıkça görüyoruz ne yazık ki ve bu,7
2,görmüyor sali h cora trabzon yalan yalan fatma kurtulan mersin savaş yıldız i lyas aydın bunlar işi d liler gelip burada,13
2,hastalıkların yayılmasında etkisi olduğu tüm kamuoyunca bilinen bir gerçektir mevcut savaş mağduru mültecilerin üçte 1 inin çocuklardan oluştuğu düşünüldüğünde sağlık bakanlığının,14
2,kısmına geçiyoruz 1 inci sırada yer alan aydın milletvekili mustafa savaş ile 88 milletvekilinin bankacılık kanunu ile bazı kanunlarda değişiklik yapılmasına,3
2,lira maaşla 150 bin çoban daha getireceklermiş türkiye yi iç savaş toplumları cehennemine götürüyor bu iktidar diye yazmış sayın ümit özdağ,6
2,araç olarak kullanmakta olduğunu görüyoruz doğu türkistan amerika nın soğuk savaş stratejisinin bir parçası değil tarihimizin başlangıç noktası ve kültürümüzün ana,6
2,yi suçlayan ab ülkelerinde bırakın düşünce özgürlüğünü simgelere amblemlere bile savaş açılmıştır sosyal ve kültürel faaliyetleri yapmak için kiralanan salonlar baskıyla,11
2,örneğin termik santrallerle ilgili yasa teklifi getirdiniz buraya canhıraş bir savaş içinde kabul ettirdiniz ondan sonra cumhurbaşkanının içine sinmedi sonra davulla,9
2,tarafından kapatıldı baki şi mşek devamla bu kürsüden suriye ye savaş ilan ediliyor oradakilere baskı yapılıyor diyenleri de kınıyorum suriye de,9
2,artıran yoksulluğu derinleştiren zengini daha zengin fakiri daha fakirleştiren bir savaş bütçesi olduğunu görüyoruz tabii akp iktidarı bu savaş bütçesini kamuoyuna,9
2,fakirleştiren bir savaş bütçesi olduğunu görüyoruz tabii akp iktidarı bu savaş bütçesini kamuoyuna ve meclise sunarken âdeta tozpembe bir tablo çiziyor,9
2,adam rejimi hastalığının sonuçlarıdır belirtileri adaletsizlik hukuksuzluk ekonomik kriz yoksulluk savaş sağlığın bozulması zorbalık tanısı akp iktidarının tek adam rejimi hastalığı,9
2,kuzeydoğu suriye meselesi ve suriye de kaç yıldır yaşanan iç savaş vesaire şimdi tarihin şu anını yaşadığımız için elbette ki birçok,14
2,en az pay doğrudan eğitim hizmetlerine ayrılmış karma eğitime direkt savaş açılmış bilimsel laik eğitim tasfiye edilmiş çocuklar sonu belli olmayan,13
2,gelecektir nitekim terör örgütünün hamiliğini yapan belediyelere kayyum atanması iç savaş hazırlığı için kurulan hendeklerin yerle bir edilmesi terörün tahrip ettiği,9
2,çalışmalarımızda takvimi hızlandırmış bulunmaktayız tasarımdan üretimine her aşamada yerli olacak savaş uçağımızı inşallah 2023 yılında hangardan çıkarmış olacağız bu gurur kaynağımızı,13
2,son olarak 15 temmuz alçak darbe teşebbüsü ülkemize yönelik iç savaş provalarıydı bu saldırılar sadece iç barışımızı değil siyasi istikrarımızı ekonomik,9
2,ederek araştırma ve değerlendirmeler yapmak dokümanlar hazırlamak ayrıca seferberlik ve savaş hâli ile kriz yönetimi konularında kanunlarda verilen görevleri yürütmek üzere,13
2,tutmaya çalıştığı sözüm ona bir arşiv oluşturmak amacıyla kürt düşmanlığı savaş bütçesi tek adam gibi tantana içerikli yani gerçeği örtücü ifadelerin,14
2,milletvekilleri birinci dünya savaşı döneminde i ngiliz hükûmetinden 2 adet savaş gemisi almak istemişiz parasını da peşin ödememize rağmen bu savaş,9
2,savaş gemisi almak istemişiz parasını da peşin ödememize rağmen bu savaş gemileri bize teslim edilmemiş daha da acı olanı parasını peşin,9
2,teslim edilmemiş daha da acı olanı parasını peşin ödediğimiz bu savaş gemileri birinci dünya savaşı nda bize karşı kullanılmış 634 tbmm,9
2,ha deneme uçuşlarını tamamladı bu model taarruz yapabilmektedir bu özellikleriyle savaş uçaklarının yaptığı bir kısım görevleri icra edebilecek böylelikle savaş uçaklarının,9
2,özellikleriyle savaş uçaklarının yaptığı bir kısım görevleri icra edebilecek böylelikle savaş uçaklarının yükünü azaltacaktır dünyada bu sınıfta insansız hava aracı geliştiren,9
2,doğu yu rahmetle anmak istiyorum müsteşarlık olarak örgütlenen teşkilat soğuk savaş yıllarında devletimizin bağımsızlığının ve egemenliğinin korunmasında büyük misyonlar üstlenmiştir i,13
2,dağıtmaya vesaire gitmiş değil orada bir boş arazinin üzerinde bir savaş da yürümüyor orada bir yerleşim alanı var insanlar var köyler,14
2,an iktidarınızı güvenceye almak için sarıldığınız bir can simididir bu savaş bunu böyle görüyoruz arkadaşlar ve en çok da buradaki mantığınız,2
2,kez daha söylememiz lazım diyorsunuz ki i ktidarın bekası için savaş politikası gerekiyor bu bir defa akla mantığa tamamen ters bir,7
2,mamoğlu nezdinde trabzonlulara pontus denildi güneydoğu siyasetçilerine terörist denildi beka savaş terörist terimleri âdeta havada uçuştu i stanbul seçiminde eğer bize,7
2,cümle olarak da şunu söylemek istiyorum sınıfsal karakteri olmayan bir savaş da yoktur arkadaşlar saygılar sunarım hdp sıralarından alkışlar başkan özlem,9
2,türk ürünlerinin analiz için riyad a gönderildiğini suriye deki iç savaş nedeniyle hatay ın i skenderun limanı ndan gemilerle gönderilen narenciye,6
2,diyanet i şleri başkanlığına 11 5 milyar bütçeyi reddediyoruz bu savaş yıkım ve ranta ayrılmış bütçeyi cumhurbaşkanlığından geldiği gibi tek bir,13
2,kaldığını siz de itiraf etmiş oldunuz ya akp yönetecek saray savaş ve sömürü düzeni devam edecek ya halk örgütlenecek ve bu,13
2,savunma sanayisi alanında kısa sürede katettiğimiz mesafedir türkiye gibi soğuk savaş süresince uzun yıllar her türlü vesayet güçlerinin devreye sokulduğu bir,6
2,35 benzeri ve hatta daha üstün teknolojiyle insanlı ve insansız savaş uçağına insansız kara savunma araçlarına sahip ve tasarımdan üretime lider,4
2,mutabakatı nı hukuksuz diye nitelemiş ve millî savunma bakanlığının bütçesine savaş bütçesi diyerek karşı çıkmışlardır oysa kendini bu ülkenin bir ferdi,9
2,kaldırılarak şehitlerimizin kanı yerde bırakılmamıştır bu hain saldırının talimatını veren savaş suçlusu yalnız türkiye yi değil uluslararası toplumun tamamını hedef almıştır,6
2,oluç i stanbul tolstoy un tolstoy biliyorsunuz bir dünya yazarı savaş mızraklı trampetli bir bayram değildir onun manzarası kandır ölümdür sözlerini,14
2,değildir meclis uzun bir zamandır barışa hizmet etmek yerine iktidarın savaş politikaları tezkerelerini sorgusuz sualsiz şekilde onaylamaktan başka bir iş yapmıyor,7
2,alkışlar mehmet muş i stanbul sayın başkan kayıtlara girsin bizim savaş politikalarımız yoktur terörle mücadele politikalarımız vardır teşekkür ederim başkan peki,7
2,toprağa düşen bedenlerinden alan ve kurulu düzenin devam etmesi için savaş çıkartan ya da savaşmaya devam edenlerden mi yoksa barış demekte,9
2,mi yoksa barış demekte ısrar edenlerden mi yanasınız roboski de savaş uçaklarının bedenlerini parçaladığı köylülerden oyuncak götürürken bombalanan suruç taki gençlerden,13
2,arada yaşama iradesine dinamit koyuyorsunuz en büyük darbelerden birini koyuyorsunuz savaş ve baskı politikalarınızla asırlardır bu coğrafyada bir arada yaşayan halkların,7
2,yaşandığını az çok hepimiz biliyoruz 2011 den beri bir iç savaş söz konusu ve abd ve başka diğer pek çok emperyal,9
2,silahlı kuvvetleri tarafından başarıyla yürütülen barış pınarı harekât ı bir savaş değil operasyondur bunun böyle bilinmesi lazım kürtlerle olan kardeşliğimize halel,14
2,ile bölgesel filistin deki i srail işgali suriye deki iç savaş arakanlı müslümanların insanlık dramı keşmir deki gerilim gündeme getiriliyor mikrofon,13
2,12 2019 o 2 ak parti iktidarının şu anda iç savaş yaşayan libya ya asker göndermeyi kamuoyunu alıştırmaya çalıştığı bir ortamda,13
2,10 ekimde katledilmeyecekti ya da roboski de insanlar bombalarla türk savaş uçaklarına ait bombalarla 116 tbmm b 38 19 12 2019,6
2,hayatlarını korumaya yönelik kaçınılmaz tedbirlerin sonucu öldü roboski de bizzat savaş uçaklarıyla emir komuta zincirleri içinde işlenen bir katliama mahkeme kaçınılmaz,14
2,evladıfatihanın derin ızdırap ve kayıpları hakkında konuşmalıdır yine o tarihlerde savaş şartları içinde dünyanın değişik yerlerinde yaşanan kitlesel kıyım ve katliamlarla,13
2,melbourne e götürdükleri sancağın altına şunu yazmışlardır bu alay sancağı savaş alanlarından getirilmiştir ancak asla esir edilememiştir çünkü türklerin kültüründe en,6
2,olduğu gibi bir heyecan yaratıldı candan açtık cehle karşı bir savaş ey bu yolda ant içen genç arkadaş öğren öğret hakkı,14
2,açlık ve yoksulluğun en çok çocukları hedef aldığına özellikle bu savaş bölgelerinde hastalık açlık yoksulluk ve ölüm gibi acı gerçeklerle yüzleşmek,13
2,anlamda anadolu nun kurtuluş savaşı ruh cephesinde henüz yapılmadı bu savaş maarif davamızın temelini teşkil etmektedir bu ruh amelelerinin ilk ve,9
2,bekliyoruz tekirdağ da muhammet emi n akbaşoğlu çankırı değerli arkadaşlar savaş uçak gemimiz geçenlerde iki gün önce denize indi ve test,10
2,biz bunun karşısındayız böyle bir şey düşünülemez demiş ardından 5 savaş gemisi 1 denizaltı ve hava kuvvetlerimizle türkiye yi kaddafi karşıtı,6
2,yaratabilir bu da ilk aşamada türkiye ile suriye arasında topyekûn savaş anlamını taşır bunun tahliline ve gerçek tanımına girmiyorum bizim bugüne,6
2,yönetimle ilgili fikriniz nedir diye sorarsanız size verecekleri yanıt şudur savaş eğer bugüne kadar suriye de bu kadar uzadıysa türkiye nin,6
2,eminim şu soruyu bizlere soruyor bizler işi d e karşı savaş verirken türkiye ne yaptı neredeydi siz de adınız gibi biliyorsunuz,14
2,milyona yükselmiş durumda ve ondan sonra deniyor ki suriye de savaş sonlara doğru vardırılmaya çalışılırken ve demokratik düzeltiyorum anayasa çalışmaları devam,9
2,bu sözleri diplomatik bir okuyuşla dikkatle değerlendirdiğinizde bu açık bir savaş ilanıdır morek mar hattat raşidin ve surman daki gözlem noktalarımız,7
2,i mparatorluğu dönemine uzanan bir geçmişe sahiptir somali deki iç savaş sebebiyle 1991 yılında kapatılan mogadişu büyükelçiliğimiz 2011 yılında yeniden açılmıştır,13
2,hakları günü ülkemizde ve tüm dünyada değişik etkinliklerle kutlandı özellikle savaş ve yoksulluğun hüküm sürdüğü coğrafyalarda yaşam mücadelesi veren çocukları korumak,13
2,kutlu olsun dünyada yaşanan silahlı çatışmalardan en büyük zararı gören savaş mağduru çocuklar olmaktadır suça sürüklenen eğitim dışı kalan risk altında,13
